"train/global_step","stan_linear_2phase_s200_sys8_p2_g16_t170_ceil50_sw50_fp - train/reward_lift_positive_lh","stan_linear_2phase_s200_sys8_p2_g16_t170_ceil50_sw50_fp - train/reward_lift_positive_lh__MIN","stan_linear_2phase_s200_sys8_p2_g16_t170_ceil50_sw50_fp - train/reward_lift_positive_lh__MAX","stan_linear_2phase_s200_sys8_p2_g16_t170_ceil50_sw50_fp - _step","stan_linear_2phase_s200_sys8_p2_g16_t170_ceil50_sw50_fp - _step__MIN","stan_linear_2phase_s200_sys8_p2_g16_t170_ceil50_sw50_fp - _step__MAX"
"0","1.8273120337310758","1.8273120337310758","1.8273120337310758","2","2","2"
"1","19.677761803204614","19.677761803204614","19.677761803204614","56","56","56"
"2","9.392780549484986","9.392780549484986","9.392780549484986","110","110","110"
"3","5.005450043798688","5.005450043798688","5.005450043798688","164","164","164"
"4","7.372323722308405","7.372323722308405","7.372323722308405","218","218","218"
"5","6.550021312980038","6.550021312980038","6.550021312980038","272","272","272"
"6","6.42006868384288","6.42006868384288","6.42006868384288","326","326","326"
"7","11.811981315132309","11.811981315132309","11.811981315132309","380","380","380"
"8","5.5817080010180735","5.5817080010180735","5.5817080010180735","434","434","434"
"9","32.398018941180304","32.398018941180304","32.398018941180304","488","488","488"
"10","12.332455953403578","12.332455953403578","12.332455953403578","542","542","542"
"11","13.89102604765047","13.89102604765047","13.89102604765047","596","596","596"
"12","4.749988915784203","4.749988915784203","4.749988915784203","650","650","650"
"13","4.047725663025562","4.047725663025562","4.047725663025562","704","704","704"
"14","6.947612427684653","6.947612427684653","6.947612427684653","758","758","758"
"15","4.164719381909858","4.164719381909858","4.164719381909858","812","812","812"
"16","8.87141061506825","8.87141061506825","8.87141061506825","866","866","866"
"17","19.400613460357928","19.400613460357928","19.400613460357928","920","920","920"
"18","1.64665747417712","1.64665747417712","1.64665747417712","974","974","974"
"19","3.9199862744019622","3.9199862744019622","3.9199862744019622","1028","1028","1028"
"20","27.793264811754085","27.793264811754085","27.793264811754085","1082","1082","1082"
"21","4.684915019053186","4.684915019053186","4.684915019053186","1136","1136","1136"
"22","8.665837816317865","8.665837816317865","8.665837816317865","1190","1190","1190"
"23","7.8046587112822445","7.8046587112822445","7.8046587112822445","1244","1244","1244"
"24","30.166650779300372","30.166650779300372","30.166650779300372","1298","1298","1298"
"25","3.9879714172747365","3.9879714172747365","3.9879714172747365","1352","1352","1352"
"26","10.094798667183248","10.094798667183248","10.094798667183248","1406","1406","1406"
"27","7.633578553353377","7.633578553353377","7.633578553353377","1460","1460","1460"
"28","13.466706763237774","13.466706763237774","13.466706763237774","1514","1514","1514"
"29","NaN","","","1568","1568","1568"
"30","2.940650452976478","2.940650452976478","2.940650452976478","1622","1622","1622"
"31","2.736116319149303","2.736116319149303","2.736116319149303","1676","1676","1676"
"32","8.678988165624284","8.678988165624284","8.678988165624284","1730","1730","1730"
"33","2.9802233787187076","2.9802233787187076","2.9802233787187076","1784","1784","1784"
"34","2.6466353962445517","2.6466353962445517","2.6466353962445517","1838","1838","1838"
"35","14.64129641322192","14.64129641322192","14.64129641322192","1892","1892","1892"
"36","2.200130162529382","2.200130162529382","2.200130162529382","1946","1946","1946"
"37","5.395605650108862","5.395605650108862","5.395605650108862","2000","2000","2000"
"38","3.8452842016513284","3.8452842016513284","3.8452842016513284","2054","2054","2054"
"39","3.7649830621575884","3.7649830621575884","3.7649830621575884","2108","2108","2108"
"40","3.826972324574725","3.826972324574725","3.826972324574725","2162","2162","2162"
"41","3.4697340379210853","3.4697340379210853","3.4697340379210853","2216","2216","2216"
"42","2.7667195166085627","2.7667195166085627","2.7667195166085627","2270","2270","2270"
"43","8.13730328717372","8.13730328717372","8.13730328717372","2324","2324","2324"
"44","6.147193524825578","6.147193524825578","6.147193524825578","2378","2378","2378"
"45","15.898516054624222","15.898516054624222","15.898516054624222","2432","2432","2432"
"46","5.031006411832389","5.031006411832389","5.031006411832389","2486","2486","2486"
"47","4.2291611788609575","4.2291611788609575","4.2291611788609575","2540","2540","2540"
"48","6.541918399969252","6.541918399969252","6.541918399969252","2594","2594","2594"
"49","6.262781976287425","6.262781976287425","6.262781976287425","2648","2648","2648"
"50","6.160331706220478","6.160331706220478","6.160331706220478","2702","2702","2702"
"51","8.27593574274252","8.27593574274252","8.27593574274252","2756","2756","2756"
"52","7.860282968375003","7.860282968375003","7.860282968375003","2810","2810","2810"
"53","12.076168188806342","12.076168188806342","12.076168188806342","2864","2864","2864"
"54","4.482332717212425","4.482332717212425","4.482332717212425","2918","2918","2918"
"55","5.834563890174788","5.834563890174788","5.834563890174788","2972","2972","2972"
"56","2.15176812380321","2.15176812380321","2.15176812380321","3026","3026","3026"
"57","2.7937592176785406","2.7937592176785406","2.7937592176785406","3080","3080","3080"
"58","4.021655594491591","4.021655594491591","4.021655594491591","3134","3134","3134"
"59","4.715986131319408","4.715986131319408","4.715986131319408","3188","3188","3188"
"60","4.906704064646885","4.906704064646885","4.906704064646885","3242","3242","3242"
"61","7.71367848165451","7.71367848165451","7.71367848165451","3296","3296","3296"
"62","7.059975891412619","7.059975891412619","7.059975891412619","3350","3350","3350"
"63","4.731184724955059","4.731184724955059","4.731184724955059","3404","3404","3404"
"64","4.450484931113256","4.450484931113256","4.450484931113256","3458","3458","3458"
"65","9.549803501528759","9.549803501528759","9.549803501528759","3512","3512","3512"
"66","12.778035100807838","12.778035100807838","12.778035100807838","3566","3566","3566"
"67","12.28538335463887","12.28538335463887","12.28538335463887","3620","3620","3620"
"68","6.587215208747331","6.587215208747331","6.587215208747331","3674","3674","3674"
"69","1.3381664391952954","1.3381664391952954","1.3381664391952954","3728","3728","3728"
"70","4.054719310327353","4.054719310327353","4.054719310327353","3782","3782","3782"
"71","2.5745198984877535","2.5745198984877535","2.5745198984877535","3836","3836","3836"
"72","9.432821222663282","9.432821222663282","9.432821222663282","3890","3890","3890"
"73","4.570731128108998","4.570731128108998","4.570731128108998","3944","3944","3944"
"74","30.679978668516164","30.679978668516164","30.679978668516164","3998","3998","3998"
"75","1.2874586930586733","1.2874586930586733","1.2874586930586733","4052","4052","4052"
"76","8.63908274884082","8.63908274884082","8.63908274884082","4106","4106","4106"
"77","2.9349984891611185","2.9349984891611185","2.9349984891611185","4160","4160","4160"
"78","3.153812089822142","3.153812089822142","3.153812089822142","4214","4214","4214"
"79","2.6390983188249795","2.6390983188249795","2.6390983188249795","4268","4268","4268"
"80","3.3644851736325503","3.3644851736325503","3.3644851736325503","4322","4322","4322"
"81","5.128945355977061","5.128945355977061","5.128945355977061","4376","4376","4376"
"82","5.207888020680324","5.207888020680324","5.207888020680324","4430","4430","4430"
"83","2.575653205430418","2.575653205430418","2.575653205430418","4484","4484","4484"
"84","4.649934796285336","4.649934796285336","4.649934796285336","4538","4538","4538"
"85","7.104174950728763","7.104174950728763","7.104174950728763","4592","4592","4592"
"86","9.063013799463198","9.063013799463198","9.063013799463198","4646","4646","4646"
"87","2.725152380311272","2.725152380311272","2.725152380311272","4700","4700","4700"
"88","7.369827952296108","7.369827952296108","7.369827952296108","4754","4754","4754"
"89","3.407072338217593","3.407072338217593","3.407072338217593","4808","4808","4808"
"90","7.777078652800421","7.777078652800421","7.777078652800421","4862","4862","4862"
"91","10.885493836055385","10.885493836055385","10.885493836055385","4916","4916","4916"
"92","5.18189951522273","5.18189951522273","5.18189951522273","4970","4970","4970"
"93","3.0429590523976264","3.0429590523976264","3.0429590523976264","5024","5024","5024"
"94","6.632867476591082","6.632867476591082","6.632867476591082","5078","5078","5078"
"95","2.5946383813227136","2.5946383813227136","2.5946383813227136","5132","5132","5132"
"96","4.529049802480573","4.529049802480573","4.529049802480573","5186","5186","5186"
"97","11.641919725192416","11.641919725192416","11.641919725192416","5240","5240","5240"
"98","3.2654126203871887","3.2654126203871887","3.2654126203871887","5294","5294","5294"
"99","3.0193381037120837","3.0193381037120837","3.0193381037120837","5348","5348","5348"
"100","5.445233343719231","5.445233343719231","5.445233343719231","5402","5402","5402"
"101","6.502864605423863","6.502864605423863","6.502864605423863","5456","5456","5456"
"102","9.600911365022444","9.600911365022444","9.600911365022444","5510","5510","5510"
"103","5.250846916416314","5.250846916416314","5.250846916416314","5564","5564","5564"
"104","4.859486128371275","4.859486128371275","4.859486128371275","5618","5618","5618"
"105","2.0935183977508136","2.0935183977508136","2.0935183977508136","5672","5672","5672"
"106","5.840140062887814","5.840140062887814","5.840140062887814","5726","5726","5726"
"107","2.300203547410021","2.300203547410021","2.300203547410021","5780","5780","5780"
"108","6.196830547353322","6.196830547353322","6.196830547353322","5834","5834","5834"
"109","1.5560043319165386","1.5560043319165386","1.5560043319165386","5888","5888","5888"
"110","2.6779355442369086","2.6779355442369086","2.6779355442369086","5942","5942","5942"
"111","7.13843453609924","7.13843453609924","7.13843453609924","5996","5996","5996"
"112","7.945956357772833","7.945956357772833","7.945956357772833","6050","6050","6050"
"113","3.296173377601073","3.296173377601073","3.296173377601073","6104","6104","6104"
"114","11.720832376203163","11.720832376203163","11.720832376203163","6158","6158","6158"
"115","1.3606425164489364","1.3606425164489364","1.3606425164489364","6212","6212","6212"
"116","4.357708021310438","4.357708021310438","4.357708021310438","6266","6266","6266"
"117","31.102079598658932","31.102079598658932","31.102079598658932","6320","6320","6320"
"118","1.9183845306324971","1.9183845306324971","1.9183845306324971","6374","6374","6374"
"119","10.64317750236161","10.64317750236161","10.64317750236161","6428","6428","6428"
"120","2.350793754641635","2.350793754641635","2.350793754641635","6482","6482","6482"
"121","3.718362865481955","3.718362865481955","3.718362865481955","6536","6536","6536"
"122","8.48438950599792","8.48438950599792","8.48438950599792","6590","6590","6590"
"123","8.444226044669556","8.444226044669556","8.444226044669556","6644","6644","6644"
"124","3.1727183190116337","3.1727183190116337","3.1727183190116337","6698","6698","6698"
"125","5.32139379415352","5.32139379415352","5.32139379415352","6752","6752","6752"
"126","9.164515413705745","9.164515413705745","9.164515413705745","6806","6806","6806"
"127","1.4532193439543923","1.4532193439543923","1.4532193439543923","6860","6860","6860"
"128","3.6096137554393617","3.6096137554393617","3.6096137554393617","6914","6914","6914"
"129","47.57461519588669","47.57461519588669","47.57461519588669","6968","6968","6968"
"130","7.533387555545311","7.533387555545311","7.533387555545311","7022","7022","7022"
"131","44.8224159954221","44.8224159954221","44.8224159954221","7076","7076","7076"
"132","2.2919612619914496","2.2919612619914496","2.2919612619914496","7130","7130","7130"
"133","14.5822220496224","14.5822220496224","14.5822220496224","7184","7184","7184"
"134","13.9985434042387","13.9985434042387","13.9985434042387","7238","7238","7238"
"135","36.07219548959988","36.07219548959988","36.07219548959988","7292","7292","7292"
"136","2.0188906426326154","2.0188906426326154","2.0188906426326154","7346","7346","7346"
"137","1.8075594480233028","1.8075594480233028","1.8075594480233028","7400","7400","7400"
"138","2.516699189486304","2.516699189486304","2.516699189486304","7454","7454","7454"
"139","3.800239237439466","3.800239237439466","3.800239237439466","7508","7508","7508"
"140","3.5291006826376554","3.5291006826376554","3.5291006826376554","7562","7562","7562"
"141","8.452299040964563","8.452299040964563","8.452299040964563","7616","7616","7616"
"142","5.800285586419253","5.800285586419253","5.800285586419253","7670","7670","7670"
"143","1.4108449286843727","1.4108449286843727","1.4108449286843727","7724","7724","7724"
"144","13.79096890489903","13.79096890489903","13.79096890489903","7778","7778","7778"
"145","10.128934757387645","10.128934757387645","10.128934757387645","7832","7832","7832"
"146","23.039509607516845","23.039509607516845","23.039509607516845","7886","7886","7886"
"147","25.62344723293232","25.62344723293232","25.62344723293232","7940","7940","7940"
"148","4.448919148498757","4.448919148498757","4.448919148498757","7994","7994","7994"
"149","1.9148579630471394","1.9148579630471394","1.9148579630471394","8048","8048","8048"
"150","4.238487896946314","4.238487896946314","4.238487896946314","8102","8102","8102"
"151","1.4786868119934398","1.4786868119934398","1.4786868119934398","8156","8156","8156"
"152","4.045943427197828","4.045943427197828","4.045943427197828","8210","8210","8210"
"153","25.304654987411","25.304654987411","25.304654987411","8264","8264","8264"
"154","30.290797553896486","30.290797553896486","30.290797553896486","8318","8318","8318"
"155","6.464895610103982","6.464895610103982","6.464895610103982","8372","8372","8372"
"156","1.727769422155539","1.727769422155539","1.727769422155539","8426","8426","8426"
"157","6.552340052447246","6.552340052447246","6.552340052447246","8480","8480","8480"
"158","2.701828528062552","2.701828528062552","2.701828528062552","8534","8534","8534"
"159","5.469130101131785","5.469130101131785","5.469130101131785","8588","8588","8588"
"160","2.624231428414988","2.624231428414988","2.624231428414988","8642","8642","8642"
"161","2.9487460833669026","2.9487460833669026","2.9487460833669026","8696","8696","8696"
"162","2.405444688644174","2.405444688644174","2.405444688644174","8750","8750","8750"
"163","4.629491601851654","4.629491601851654","4.629491601851654","8804","8804","8804"
"164","6.9778046026042855","6.9778046026042855","6.9778046026042855","8858","8858","8858"
"165","3.312862495029232","3.312862495029232","3.312862495029232","8912","8912","8912"
"166","3.13956574999962","3.13956574999962","3.13956574999962","8966","8966","8966"
"167","4.993025698484288","4.993025698484288","4.993025698484288","9020","9020","9020"
"168","22.75285526032221","22.75285526032221","22.75285526032221","9074","9074","9074"
"169","16.54047820050752","16.54047820050752","16.54047820050752","9128","9128","9128"
"170","8.848340533232424","8.848340533232424","8.848340533232424","9182","9182","9182"
"171","15.40910425520893","15.40910425520893","15.40910425520893","9236","9236","9236"
"172","4.200348674109354","4.200348674109354","4.200348674109354","9290","9290","9290"
"173","15.068487931962","15.068487931962","15.068487931962","9344","9344","9344"
"174","3.87766682032449","3.87766682032449","3.87766682032449","9398","9398","9398"
"175","2.285021561519388","2.285021561519388","2.285021561519388","9452","9452","9452"
"176","5.893710227304889","5.893710227304889","5.893710227304889","9506","9506","9506"
"177","29.19783553652563","29.19783553652563","29.19783553652563","9560","9560","9560"
"178","15.04754237232781","15.04754237232781","15.04754237232781","9614","9614","9614"
"179","4.019368193500214","4.019368193500214","4.019368193500214","9668","9668","9668"
"180","18.7607615100617","18.7607615100617","18.7607615100617","9722","9722","9722"
"181","2.4946672207097946","2.4946672207097946","2.4946672207097946","9776","9776","9776"
"182","8.834510638831615","8.834510638831615","8.834510638831615","9830","9830","9830"
"183","5.060127106272526","5.060127106272526","5.060127106272526","9884","9884","9884"
"184","2.043794081430627","2.043794081430627","2.043794081430627","9938","9938","9938"
"185","26.67756987461164","26.67756987461164","26.67756987461164","9992","9992","9992"
"186","3.8809650353407994","3.8809650353407994","3.8809650353407994","10046","10046","10046"
"187","2.4998117088603884","2.4998117088603884","2.4998117088603884","10100","10100","10100"
"188","5.973541488797787","5.973541488797787","5.973541488797787","10154","10154","10154"
"189","71.73971567884925","71.73971567884925","71.73971567884925","10208","10208","10208"
"190","6.378136279795905","6.378136279795905","6.378136279795905","10262","10262","10262"
"191","14.55893935079246","14.55893935079246","14.55893935079246","10316","10316","10316"
"192","6.126581650184137","6.126581650184137","6.126581650184137","10370","10370","10370"
"193","4.200074802914664","4.200074802914664","4.200074802914664","10424","10424","10424"
"194","5.786336497416319","5.786336497416319","5.786336497416319","10478","10478","10478"
"195","15.45063767544928","15.45063767544928","15.45063767544928","10532","10532","10532"
"196","5.980619873658498","5.980619873658498","5.980619873658498","10586","10586","10586"
"197","7.367466578713204","7.367466578713204","7.367466578713204","10640","10640","10640"
"198","3.727953595682389","3.727953595682389","3.727953595682389","10694","10694","10694"
"199","6.626982831695052","6.626982831695052","6.626982831695052","10748","10748","10748"